Date,SO
2000-01-03,7.10
2000-01-04,7.18
2000-01-05,7.55
2000-01-06,7.57
2000-01-07,7.71
2000-01-10,7.65
2000-01-11,7.59
2000-01-12,7.73
2000-01-13,7.63
2000-01-14,7.53
2000-01-18,7.30
2000-01-19,7.47
2000-01-20,7.43
2000-01-21,7.65
2000-01-24,7.84
2000-01-25,7.92
2000-01-26,7.96
2000-01-27,7.98
2000-01-28,7.90
2000-01-31,8.02
2000-02-01,7.92
2000-02-02,7.86
2000-02-03,7.98
2000-02-04,7.80
2000-02-07,7.80
2000-02-08,7.84
2000-02-09,7.78
2000-02-10,7.86
2000-02-11,7.82
2000-02-14,7.82
2000-02-15,7.80
2000-02-16,7.66
2000-02-17,7.54
2000-02-18,7.40
2000-02-22,7.40
2000-02-24,7.08
2000-02-25,6.98
2000-02-28,7.28
2000-02-29,7.12
2000-03-01,7.04
2000-03-02,7.08
2000-03-03,7.08
2000-03-06,6.80
2000-03-07,6.84
2000-03-08,6.78
2000-03-09,6.76
2000-03-10,6.78
2000-03-13,6.84
2000-03-14,6.60
2000-03-15,7.00
2000-03-16,7.30
2000-03-17,7.04
2000-03-20,6.98
2000-03-21,6.84
2000-03-22,6.72
2000-03-23,6.88
2000-03-24,7.02
2000-03-27,7.08
2000-03-28,7.00
2000-03-29,6.98
2000-03-30,6.96
2000-03-31,6.98
2000-04-03,7.26
2000-04-04,7.42
2000-04-05,7.42
2000-04-06,7.20
2000-04-07,7.14
2000-04-10,7.48
2000-04-11,7.54
2000-04-12,7.74
2000-04-13,7.96
2000-04-14,7.86
2000-04-17,7.86
2000-04-18,8.17
2000-04-19,7.98
2000-04-20,8.20
2000-04-24,8.32
2000-04-25,8.56
2000-04-26,8.82
2000-04-27,8.44
2000-04-28,8.10
2000-05-01,7.87
2000-05-02,7.93
2000-05-03,7.98
2000-05-04,8.08
2000-05-05,7.96
2000-05-08,8.10
2000-05-09,8.12
2000-05-10,8.22
2000-05-11,8.40
2000-05-12,8.14
2000-05-15,8.30
2000-05-16,8.20
2000-05-17,7.96
2000-05-18,8.18
2000-05-19,8.30
2000-05-22,8.42
2000-05-23,8.34
2000-05-24,8.58
2000-05-25,8.50
2000-05-26,8.56
2000-05-30,8.36
2000-05-31,8.42
2000-06-01,8.38
2000-06-05,7.87
2000-06-06,8.08
2000-06-07,8.12
2000-06-08,8.10
2000-06-12,8.17
2000-06-13,8.34
2000-06-14,8.30
2000-06-15,8.30
2000-06-16,8.14
2000-06-19,8.04
2000-06-20,8.12
2000-06-21,8.08
2000-06-22,8.08
2000-06-23,8.08
2000-06-26,8.12
2000-06-27,7.85
2000-06-28,7.98
2000-06-29,7.79
2000-06-30,7.57
2000-07-03,7.73
2000-07-05,7.73
2000-07-06,7.77
2000-07-07,7.87
2000-07-10,8.02
2000-07-11,8.06
2000-07-12,7.91
2000-07-13,7.93
2000-07-14,7.83
2000-07-17,7.83
2000-07-18,7.89
2000-07-19,8.16
2000-07-20,8.16
2000-07-21,8.18
2000-07-24,8.12
2000-07-25,8.10
2000-07-26,7.91
2000-07-27,8.02
2000-07-28,8.06
2000-07-31,7.93
2000-08-01,8.14
2000-08-02,8.48
2000-08-03,8.70
2000-08-04,8.72
2000-08-07,9.03
2000-08-08,9.17
2000-08-09,8.96
2000-08-10,8.93
2000-08-11,8.94
2000-08-14,9.05
2000-08-15,9.07
2000-08-16,8.99
2000-08-17,8.98
2000-08-18,9.00
2000-08-21,9.02
2000-08-22,8.98
2000-08-23,9.19
2000-08-24,9.21
2000-08-25,9.33
2000-08-30,9.66
2000-08-31,9.85
2000-09-01,9.85
2000-09-05,10.07
2000-09-06,10.26
2000-09-07,10.44
2000-09-08,10.82
2000-09-11,10.88
2000-09-12,10.98
2000-09-13,11.20
2000-09-14,10.81
2000-09-15,10.82
2000-09-18,10.89
2000-09-19,10.38
2000-09-20,10.07
2000-09-21,9.85
2000-09-22,9.89
2000-09-25,10.24
2000-09-26,10.61
2000-09-27,10.53
2000-09-28,10.55
2000-09-29,10.67
2000-10-02,10.55
2000-10-03,10.16
2000-10-04,9.68
2000-10-05,9.54
2000-10-06,9.60
2000-10-09,9.87
2000-10-10,9.85
2000-10-11,9.93
2000-10-12,9.83
2000-10-13,9.91
2000-10-16,9.83
2000-10-17,9.85
2000-10-18,9.83
2000-10-19,9.70
2000-10-20,9.72
2000-10-23,9.85
2000-10-24,9.70
2000-10-25,9.39
2000-10-26,9.31
2000-10-27,9.50
2000-10-30,9.79
2000-10-31,9.66
2000-11-01,9.89
2000-11-02,9.67
2000-11-03,9.71
2000-11-06,9.60
2000-11-07,9.54
2000-11-08,9.52
2000-11-09,9.54
2000-11-10,9.60
2000-11-13,9.71
2000-11-14,9.38
2000-11-15,9.60
2000-11-16,9.83
2000-11-17,10.31
2000-11-20,10.06
2000-11-21,9.96
2000-11-22,10.00
2000-11-24,10.00
2000-11-27,9.94
2000-11-28,10.04
2000-11-29,10.21
2000-11-30,10.50
2000-12-01,10.31
2000-12-04,10.37
2000-12-05,10.10
2000-12-06,9.73
2000-12-07,9.36
2000-12-08,9.52
2000-12-11,9.58
2000-12-12,9.67
2000-12-13,10.15
2000-12-14,9.98
2000-12-15,10.10
2000-12-18,10.37
2000-12-19,10.35
2000-12-20,10.91
2000-12-21,10.83
2000-12-22,10.96
2000-12-26,11.21
2000-12-27,11.18
2000-12-28,11.10
2000-12-29,11.06
2001-01-02,10.73
2001-01-03,10.39
2001-01-04,9.65
2001-01-05,9.48
2001-01-08,9.73
2001-01-09,9.75
2001-01-10,9.60
2001-01-11,9.08
2001-01-12,9.33
2001-01-16,9.25
2001-01-17,9.15
2001-01-18,9.19
2001-01-19,9.38
2001-01-22,9.54
2001-01-23,9.58
2001-01-24,9.73
2001-01-25,9.83
2001-01-26,9.67
2001-01-29,9.78
2001-01-30,9.80
2001-01-31,9.71
2001-02-01,9.58
2001-02-02,9.67
2001-02-05,9.77
2001-02-06,9.84
2001-02-07,9.91
2001-02-08,10.11
2001-02-09,10.16
2001-02-12,10.28
2001-02-13,10.25
2001-02-14,10.17
2001-02-15,9.96
2001-02-16,10.21
2001-02-20,10.38
2001-02-21,10.28
2001-02-22,10.29
2001-02-23,10.15
2001-02-26,10.25
2001-02-27,10.37
2001-02-28,10.41
2001-03-01,10.42
2001-03-02,10.53
2001-03-05,10.57
2001-03-06,10.52
2001-03-07,10.42
2001-03-08,10.48
2001-03-09,10.41
2001-03-12,10.36
2001-03-13,10.19
2001-03-14,9.99
2001-03-15,10.68
2001-03-16,10.69
2001-03-19,10.86
2001-03-20,10.94
2001-03-21,10.99
2001-03-22,10.77
2001-03-23,10.68
2001-03-26,11.18
2001-03-27,11.34
2001-03-28,11.53
2001-03-29,11.63
2001-03-30,11.81
2001-04-02,11.87
2001-04-03,12.21
2001-04-04,12.10
2001-04-05,12.19
2001-04-06,11.86
2001-04-09,12.15
2001-04-10,12.31
2001-04-11,12.37
2001-04-12,12.25
2001-04-16,12.49
2001-04-17,12.70
2001-04-18,12.60
2001-04-19,12.33
2001-04-20,12.35
2001-04-23,12.53
2001-04-24,12.80
2001-04-25,12.87
2001-04-26,12.89
2001-04-27,12.74
2001-04-30,12.74
2001-05-01,12.90
2001-05-02,12.75
2001-05-03,12.54
2001-05-04,12.59
2001-05-07,12.66
2001-05-08,12.59
2001-05-09,12.61
2001-05-10,12.76
2001-05-11,12.67
2001-05-14,12.71
2001-05-15,12.58
2001-05-16,12.61
2001-05-17,12.66
2001-05-18,12.61
2001-05-21,12.63
2001-05-22,12.73
2001-05-23,12.87
2001-05-24,12.94
2001-05-25,12.84
2001-05-29,12.78
2001-05-30,12.94
2001-05-31,13.20
2001-06-01,13.02
2001-06-04,13.28
2001-06-05,13.32
2001-06-06,13.06
2001-06-07,12.89
2001-06-08,12.89
2001-06-11,13.01
2001-06-12,13.03
2001-06-13,12.87
2001-06-14,12.60
2001-06-15,12.73
2001-06-18,12.77
2001-06-19,12.89
2001-06-20,13.12
2001-06-21,12.91
2001-06-22,12.98
2001-06-25,12.93
2001-06-26,13.09
2001-06-27,13.24
2001-06-28,13.17
2001-06-29,13.03
2001-07-02,13.07
2001-07-03,13.08
2001-07-05,13.06
2001-07-06,12.99
2001-07-09,13.11
2001-07-10,13.21
2001-07-11,13.12
2001-07-12,13.03
2001-07-13,13.08
2001-07-16,13.24
2001-07-17,13.22
2001-07-18,13.21
2001-07-19,13.12
2001-07-20,12.92
2001-07-23,12.80
2001-07-24,12.66
2001-07-25,12.59
2001-07-26,12.88
2001-07-27,12.88
2001-07-30,13.17
2001-07-31,13.17
2001-08-01,13.24
2001-08-02,13.42
2001-08-03,13.76
2001-08-06,13.31
2001-08-07,13.42
2001-08-08,13.18
2001-08-09,13.33
2001-08-10,13.17
2001-08-13,13.06
2001-08-14,13.13
2001-08-15,13.06
2001-08-16,13.17
2001-08-17,13.01
2001-08-20,13.08
2001-08-21,13.06
2001-08-22,13.24
2001-08-23,13.17
2001-08-24,13.17
2001-08-27,13.28
2001-08-28,13.30
2001-08-29,13.25
2001-08-30,13.08
2001-08-31,13.18
2001-09-04,13.29
2001-09-05,13.30
2001-09-06,13.42
2001-09-07,13.57
2001-09-10,13.50
2001-09-17,13.62
2001-09-18,13.79
2001-09-19,14.07
2001-09-20,14.59
2001-09-21,14.53
2001-09-24,14.25
2001-09-25,13.93
2001-09-26,13.80
2001-09-27,13.53
2001-09-28,13.64
2001-10-01,14.10
2001-10-02,14.24
2001-10-03,14.53
2001-10-04,14.54
2001-10-05,14.71
2001-10-08,14.62
2001-10-09,14.26
2001-10-10,14.21
2001-10-11,13.88
2001-10-12,13.96
2001-10-15,14.21
2001-10-16,14.47
2001-10-17,14.42
2001-10-18,14.08
2001-10-19,14.31
2001-10-22,14.12
2001-10-23,14.02
2001-10-24,13.76
2001-10-25,13.80
2001-10-26,13.76
2001-10-29,13.83
2001-10-30,13.68
2001-10-31,13.59
2001-11-01,13.84
2001-11-02,13.55
2001-11-05,13.96
2001-11-06,14.00
2001-11-07,13.84
2001-11-08,13.91
2001-11-09,13.95
2001-11-12,13.86
2001-11-13,13.84
2001-11-14,13.64
2001-11-15,13.51
2001-11-16,13.61
2001-11-19,13.38
2001-11-20,13.63
2001-11-21,13.42
2001-11-23,13.55
2001-11-26,13.55
2001-11-27,13.44
2001-11-28,13.27
2001-11-29,13.12
2001-11-30,13.12
2001-12-03,13.16
2001-12-04,13.24
2001-12-05,13.23
2001-12-06,13.05
2001-12-07,13.14
2001-12-10,13.09
2001-12-11,12.89
2001-12-12,13.22
2001-12-13,13.47
2001-12-14,13.42
2001-12-17,13.44
2001-12-18,13.72
2001-12-19,14.22
2001-12-20,14.10
2001-12-21,14.14
2001-12-24,14.40
2001-12-26,14.62
2001-12-27,14.65
2001-12-28,14.65
2001-12-31,14.62
2002-01-02,14.71
2002-01-03,14.50
2002-01-04,14.31
2002-01-07,14.29
2002-01-08,14.24
2002-01-09,14.14
2002-01-10,14.23
2002-01-11,14.27
2002-01-14,14.48
2002-01-15,14.56
2002-01-16,14.42
2002-01-17,14.47
2002-01-18,14.58
2002-01-22,14.42
2002-01-23,14.29
2002-01-24,14.47
2002-01-25,14.35
2002-01-28,14.33
2002-01-29,14.16
2002-01-30,14.13
2002-01-31,14.41
2002-02-04,14.40
2002-02-05,14.36
2002-02-06,14.33
2002-02-07,14.53
2002-02-08,14.61
2002-02-11,14.61
2002-02-12,14.57
2002-02-13,14.76
2002-02-14,14.79
2002-02-15,14.63
2002-02-19,14.51
2002-02-20,14.64
2002-02-21,14.48
2002-02-22,14.70
2002-02-25,14.85
2002-02-26,14.79
2002-02-27,14.93
2002-02-28,14.85
2002-03-01,15.00
2002-03-04,15.09
2002-03-05,15.24
2002-03-06,15.30
2002-03-07,15.31
2002-03-08,15.23
2002-03-11,15.20
2002-03-12,15.14
2002-03-13,15.07
2002-03-14,15.15
2002-03-15,15.39
2002-03-18,15.36
2002-03-19,15.46
2002-03-20,15.37
2002-03-21,15.64
2002-03-22,15.66
2002-03-25,15.51
2002-03-26,15.58
2002-03-27,15.59
2002-03-28,15.49
2002-04-01,15.50
2002-04-02,15.66
2002-04-03,15.64
2002-04-04,15.77
2002-04-05,15.61
2002-04-08,15.69
2002-04-09,15.62
2002-04-10,15.67
2002-04-11,15.47
2002-04-12,15.64
2002-04-15,15.36
2002-04-16,15.61
2002-04-17,15.78
2002-04-18,16.23
2002-04-19,16.54
2002-04-22,16.43
2002-04-23,16.54
2002-04-24,16.37
2002-04-25,16.24
2002-04-26,16.17
2002-04-29,16.34
2002-04-30,16.58
2002-05-01,16.47
2002-05-02,16.61
2002-05-03,16.67
2002-05-06,16.80
2002-05-07,16.73
2002-05-08,16.80
2002-05-09,16.67
2002-05-10,16.51
2002-05-13,16.64
2002-05-14,16.64
2002-05-15,16.38
2002-05-16,15.99
2002-05-17,15.65
2002-05-20,15.89
2002-05-21,16.00
2002-05-22,16.52
2002-05-23,16.62
2002-05-24,16.46
2002-05-28,16.38
2002-05-29,16.14
2002-05-30,16.16
2002-05-31,15.98
2002-06-03,15.77
2002-06-04,15.80
2002-06-05,15.68
2002-06-06,15.24
2002-06-07,15.18
2002-06-10,15.42
2002-06-11,15.50
2002-06-12,15.58
2002-06-13,15.81
2002-06-14,15.62
2002-06-17,15.81
2002-06-18,16.04
2002-06-19,15.96
2002-06-20,15.96
2002-06-21,16.12
2002-06-24,15.83
2002-06-25,15.71
2002-06-26,15.55
2002-06-27,15.92
2002-06-28,16.22
2002-07-01,16.01
2002-07-02,16.09
2002-07-03,15.92
2002-07-05,16.04
2002-07-08,15.78
2002-07-09,15.58
2002-07-10,15.09
2002-07-11,15.40
2002-07-12,14.97
2002-07-15,15.51
2002-07-16,14.88
2002-07-17,15.06
2002-07-18,14.79
2002-07-19,14.14
2002-07-22,14.49
2002-07-23,14.19
2002-07-24,15.49
2002-07-25,15.93
2002-07-26,15.77
2002-07-29,15.76
2002-07-30,16.72
2002-07-31,17.03
2002-08-01,16.50
2002-08-02,16.56
2002-08-05,16.78
2002-08-06,17.29
2002-08-07,17.13
2002-08-08,17.24
2002-08-09,17.03
2002-08-12,16.85
2002-08-13,16.64
2002-08-14,17.36
2002-08-15,16.96
2002-08-16,16.77
2002-08-19,16.81
2002-08-20,16.77
2002-08-21,17.11
2002-08-22,17.38
2002-08-23,17.00
2002-08-26,17.21
2002-08-27,17.05
2002-08-28,17.14
2002-08-29,17.01
2002-08-30,17.35
2002-09-03,16.93
2002-09-04,16.89
2002-09-05,17.01
2002-09-06,17.11
2002-09-09,17.16
2002-09-10,16.69
2002-09-11,16.53
2002-09-12,16.08
2002-09-13,16.26
2002-09-16,16.35
2002-09-17,16.05
2002-09-18,16.92
2002-09-19,16.60
2002-09-20,16.94
2002-09-23,16.61
2002-09-24,16.66
2002-09-25,17.08
2002-09-26,17.32
2002-09-27,17.12
2002-09-30,17.24
2002-10-01,17.48
2002-10-02,17.27
2002-10-03,17.38
2002-10-04,17.18
2002-10-07,17.59
2002-10-08,17.41
2002-10-09,16.18
2002-10-10,17.30
2002-10-11,17.29
2002-10-14,17.33
2002-10-15,17.37
2002-10-16,16.84
2002-10-17,17.33
2002-10-18,17.29
2002-10-21,18.08
2002-10-22,17.50
2002-10-23,17.70
2002-10-24,17.68
2002-10-25,18.22
2002-10-28,18.48
2002-10-29,18.13
2002-10-30,18.30
2002-10-31,17.99
2002-11-01,17.86
2002-11-04,17.96
2002-11-05,17.80
2002-11-06,17.87
2002-11-07,17.25
2002-11-08,16.59
2002-11-11,16.66
2002-11-12,15.25
2002-11-13,15.43
2002-11-14,15.56
2002-11-15,16.03
2002-11-18,15.89
2002-11-19,15.79
2002-11-20,15.72
2002-11-21,15.63
2002-11-22,16.08
2002-11-25,16.27
2002-11-26,15.93
2002-11-27,15.83
2002-11-29,15.85
2002-12-02,15.45
2002-12-03,15.97
2002-12-04,15.98
2002-12-05,15.97
2002-12-06,16.06
2002-12-09,16.53
2002-12-10,16.70
2002-12-11,16.76
2002-12-12,16.87
2002-12-13,16.87
2002-12-16,16.87
2002-12-17,16.99
2002-12-18,17.10
2002-12-19,17.35
2002-12-20,17.48
2002-12-23,17.27
2002-12-24,17.45
2002-12-26,17.54
2002-12-27,17.24
2002-12-30,17.28
2002-12-31,17.20
2003-01-02,17.55
2003-01-03,17.63
2003-01-06,18.66
2003-01-07,18.00
2003-01-08,17.91
2003-01-09,17.91
2003-01-10,17.88
2003-01-13,17.66
2003-01-14,17.62
2003-01-15,17.63
2003-01-16,17.42
2003-01-17,17.26
2003-01-21,17.20
2003-01-22,17.35
2003-01-23,17.52
2003-01-24,17.10
2003-01-27,16.85
2003-01-28,17.40
2003-01-29,17.57
2003-01-30,17.18
2003-01-31,17.27
2003-02-03,17.67
2003-02-04,17.44
2003-02-05,17.19
2003-02-06,17.47
2003-02-07,17.38
2003-02-10,17.78
2003-02-11,17.58
2003-02-12,16.99
2003-02-13,17.03
2003-02-14,17.32
2003-02-18,17.37
2003-02-19,17.34
2003-02-20,17.27
2003-02-21,17.33
2003-02-24,17.26
2003-02-25,17.40
2003-02-26,17.27
2003-02-27,17.32
2003-02-28,17.29
2003-03-03,17.41
2003-03-04,17.29
2003-03-05,17.52
2003-03-06,17.51
2003-03-07,17.43
2003-03-10,17.17
2003-03-11,17.24
2003-03-12,17.36
2003-03-13,17.42
2003-03-14,17.38
2003-03-17,17.69
2003-03-18,17.76
2003-03-19,17.65
2003-03-20,17.69
2003-03-21,17.92
2003-03-24,17.73
2003-03-25,17.90
2003-03-26,17.53
2003-03-27,17.46
2003-03-28,17.54
2003-03-31,17.43
2003-04-01,17.50
2003-04-02,17.43
2003-04-03,17.28
2003-04-04,17.42
2003-04-07,17.32
2003-04-08,17.27
2003-04-09,17.16
2003-04-10,17.20
2003-04-11,17.13
2003-04-14,17.46
2003-04-15,17.62
2003-04-16,17.51
2003-04-17,17.62
2003-04-21,17.48
2003-04-22,17.66
2003-04-23,17.56
2003-04-24,17.65
2003-04-25,17.67
2003-04-28,17.84
2003-04-29,17.67
2003-04-30,17.83
2003-05-01,17.68
2003-05-02,17.76
2003-05-05,17.85
2003-05-06,17.72
2003-05-07,17.78
2003-05-08,17.80
2003-05-09,18.03
2003-05-12,18.12
2003-05-13,18.04
2003-05-14,17.98
2003-05-15,18.02
2003-05-16,18.38
2003-05-19,18.21
2003-05-20,18.45
2003-05-21,18.27
2003-05-22,18.45
2003-05-23,19.38
2003-05-27,19.53
2003-05-28,19.58
2003-05-29,19.12
2003-05-30,19.53
2003-06-02,19.48
2003-06-03,19.58
2003-06-04,19.73
2003-06-05,19.20
2003-06-06,19.11
2003-06-09,19.11
2003-06-10,18.97
2003-06-11,19.30
2003-06-12,19.50
2003-06-13,19.25
2003-06-16,19.53
2003-06-17,19.51
2003-06-18,19.56
2003-06-19,19.60
2003-06-20,19.61
2003-06-23,19.54
2003-06-24,19.43
2003-06-25,19.22
2003-06-26,19.55
2003-06-27,19.37
2003-06-30,19.33
2003-07-01,18.94
2003-07-02,18.81
2003-07-03,18.68
2003-07-07,18.80
2003-07-08,18.72
2003-07-09,18.41
2003-07-10,17.86
2003-07-11,18.17
2003-07-14,17.93
2003-07-15,17.65
2003-07-16,17.35
2003-07-17,17.53
2003-07-18,18.03
2003-07-21,17.56
2003-07-22,17.96
2003-07-23,17.99
2003-07-24,18.00
2003-07-25,17.96
2003-07-28,17.76
2003-07-29,17.67
2003-07-30,17.80
2003-07-31,17.86
2003-08-01,17.66
2003-08-04,17.73
2003-08-05,17.43
2003-08-06,17.72
2003-08-07,17.77
2003-08-08,17.78
2003-08-11,17.66
2003-08-12,17.83
2003-08-13,17.71
2003-08-14,17.73
2003-08-15,17.66
2003-08-18,17.60
2003-08-19,17.58
2003-08-20,17.58
2003-08-21,17.58
2003-08-22,17.51
2003-08-25,17.67
2003-08-26,17.67
2003-08-27,17.90
2003-08-28,17.87
2003-08-29,17.82
2003-09-02,18.05
2003-09-03,18.14
2003-09-04,18.16
2003-09-05,18.19
2003-09-08,18.49
2003-09-09,18.34
2003-09-10,18.39
2003-09-11,18.23
2003-09-12,18.30
2003-09-15,18.16
2003-09-16,18.30
2003-09-17,18.13
2003-09-18,18.39
2003-09-19,18.37
2003-09-22,18.10
2003-09-23,18.25
2003-09-24,18.03
2003-09-25,18.18
2003-09-26,18.46
2003-09-29,18.69
2003-09-30,18.43
2003-10-01,18.59
2003-10-02,18.63
2003-10-03,18.53
2003-10-06,18.49
2003-10-07,18.47
2003-10-08,18.41
2003-10-09,18.59
2003-10-10,18.59
2003-10-13,18.47
2003-10-14,18.59
2003-10-15,18.36
2003-10-16,18.47
2003-10-17,18.43
2003-10-20,18.60
2003-10-21,18.94
2003-10-22,18.91
2003-10-23,19.03
2003-10-24,19.04
2003-10-27,19.03
2003-10-28,19.09
2003-10-29,19.05
2003-10-30,19.08
2003-10-31,18.93
2003-11-03,19.07
2003-11-04,18.94
2003-11-05,18.88
2003-11-06,18.78
2003-11-07,18.66
2003-11-10,18.73
2003-11-11,18.58
2003-11-12,18.58
2003-11-13,18.62
2003-11-14,18.62
2003-11-17,18.53
2003-11-18,18.23
2003-11-19,18.48
2003-11-20,18.27
2003-11-21,18.20
2003-11-24,18.32
2003-11-25,18.43
2003-11-26,18.63
2003-11-28,18.59
2003-12-01,18.73
2003-12-02,18.78
2003-12-03,18.87
2003-12-04,18.86
2003-12-05,18.91
2003-12-08,18.84
2003-12-09,18.72
2003-12-10,18.66
2003-12-11,18.73
2003-12-12,18.84
2003-12-15,18.80
2003-12-16,18.77
2003-12-17,18.89
2003-12-18,18.93
2003-12-19,19.01
2003-12-22,19.16
2003-12-23,19.20
2003-12-24,19.10
2003-12-26,19.05
2003-12-29,19.12
2003-12-30,19.23
2003-12-31,19.22
2004-01-02,19.10
2004-01-05,19.10
2004-01-06,19.11
2004-01-07,19.06
2004-01-08,19.06
2004-01-09,18.96
2004-01-12,18.95
2004-01-13,18.89
2004-01-14,18.90
2004-01-15,18.84
2004-01-16,18.70
2004-01-20,18.85
2004-01-21,19.10
2004-01-22,19.11
2004-01-23,19.21
2004-01-26,19.13
2004-01-27,19.19
2004-01-28,19.27
2004-01-29,19.29
2004-01-30,19.15
2004-02-02,19.04
2004-02-03,18.96
2004-02-04,18.84
2004-02-05,18.70
2004-02-06,18.79
2004-02-09,18.77
2004-02-10,18.92
2004-02-11,18.91
2004-02-12,19.01
2004-02-13,18.96
2004-02-17,19.02
2004-02-18,19.22
2004-02-19,19.29
2004-02-20,19.17
2004-02-23,19.09
2004-02-24,19.06
2004-02-25,19.15
2004-02-26,19.31
2004-02-27,19.49
2004-03-01,19.55
2004-03-02,19.48
2004-03-03,19.49
2004-03-04,19.54
2004-03-05,19.69
2004-03-08,19.63
2004-03-09,19.70
2004-03-10,19.49
2004-03-11,19.35
2004-03-12,19.38
2004-03-15,19.51
2004-03-16,19.56
2004-03-17,19.84
2004-03-18,19.58
2004-03-19,19.38
2004-03-22,19.20
2004-03-23,19.24
2004-03-24,19.25
2004-03-25,19.38
2004-03-26,19.53
2004-03-29,19.59
2004-03-30,19.64
2004-03-31,19.60
2004-04-01,19.66
2004-04-02,19.51
2004-04-05,19.45
2004-04-06,19.44
2004-04-07,19.34
2004-04-08,19.13
2004-04-12,18.90
2004-04-13,18.77
2004-04-14,18.71
2004-04-15,18.83
2004-04-16,18.99
2004-04-19,18.80
2004-04-20,18.64
2004-04-21,18.67
2004-04-22,18.77
2004-04-23,18.79
2004-04-26,18.95
2004-04-27,18.85
2004-04-28,18.70
2004-04-29,18.66
2004-04-30,18.71
2004-05-03,18.78
2004-05-04,18.83
2004-05-05,18.70
2004-05-06,18.82
2004-05-07,18.29
2004-05-10,18.22
2004-05-11,18.21
2004-05-12,18.12
2004-05-13,18.18
2004-05-14,18.38
2004-05-17,18.21
2004-05-18,18.38
2004-05-19,18.30
2004-05-20,18.31
2004-05-21,18.28
2004-05-24,18.40
2004-05-25,18.80
2004-05-26,18.72
2004-05-27,18.90
2004-05-28,18.81
2004-06-01,18.84
2004-06-02,19.00
2004-06-03,18.88
2004-06-04,18.96
2004-06-07,19.05
2004-06-08,18.90
2004-06-09,18.67
2004-06-10,18.79
2004-06-14,18.66
2004-06-15,18.81
2004-06-16,18.77
2004-06-17,18.79
2004-06-18,18.84
2004-06-21,18.96
2004-06-22,18.94
2004-06-23,19.00
2004-06-24,18.96
2004-06-25,18.90
2004-06-28,18.98
2004-06-29,18.81
2004-06-30,18.96
2004-07-01,18.77
2004-07-02,18.88
2004-07-06,18.82
2004-07-07,18.83
2004-07-08,18.85
2004-07-09,18.83
2004-07-12,18.85
2004-07-13,18.80
2004-07-14,19.00
2004-07-15,19.09
2004-07-16,19.19
2004-07-19,19.37
2004-07-20,19.44
2004-07-21,19.28
2004-07-22,19.13
2004-07-23,19.11
2004-07-26,19.12
2004-07-27,19.16
2004-07-28,19.19
2004-07-29,19.19
2004-07-30,19.28
2004-08-02,19.37
2004-08-03,19.37
2004-08-04,19.49
2004-08-05,19.33
2004-08-06,19.66
2004-08-09,19.58
2004-08-10,19.61
2004-08-11,19.66
2004-08-12,19.72
2004-08-13,19.64
2004-08-16,19.68
2004-08-17,19.59
2004-08-18,19.71
2004-08-19,19.60
2004-08-20,19.53
2004-08-23,19.56
2004-08-24,19.63
2004-08-25,19.72
2004-08-26,19.75
2004-08-27,19.76
2004-08-30,19.76
2004-08-31,19.99
2004-09-01,19.90
2004-09-02,20.05
2004-09-03,20.07
2004-09-07,20.18
2004-09-08,19.98
2004-09-09,19.95
2004-09-10,19.99
2004-09-13,19.89
2004-09-14,19.78
2004-09-15,19.78
2004-09-16,20.00
2004-09-17,20.04
2004-09-20,19.84
2004-09-21,20.03
2004-09-22,19.87
2004-09-23,19.67
2004-09-24,19.66
2004-09-27,19.74
2004-09-28,19.91
2004-09-29,19.71
2004-09-30,19.74
2004-10-01,19.91
2004-10-04,19.98
2004-10-05,19.91
2004-10-06,20.02
2004-10-07,19.87
2004-10-08,20.16
2004-10-11,20.10
2004-10-12,20.21
2004-10-13,19.92
2004-10-14,19.85
2004-10-15,19.95
2004-10-18,19.79
2004-10-19,19.72
2004-10-20,20.16
2004-10-21,20.80
2004-10-22,20.81
2004-10-25,20.87
2004-10-26,21.09
2004-10-27,21.03
2004-10-28,20.85
2004-10-29,21.04
2004-11-01,21.07
2004-11-02,20.75
2004-11-03,21.13
2004-11-04,21.73
2004-11-05,21.60
2004-11-08,21.78
2004-11-09,21.71
2004-11-10,21.71
2004-11-11,21.88
2004-11-12,22.08
2004-11-15,21.98
2004-11-16,22.00
2004-11-17,21.76
2004-11-18,21.86
2004-11-19,21.84
2004-11-22,22.12
2004-11-23,22.14
2004-11-24,22.39
2004-11-26,22.51
2004-11-29,22.26
2004-11-30,21.84
2004-12-01,21.84
2004-12-02,21.49
2004-12-03,21.72
2004-12-06,21.92
2004-12-07,21.79
2004-12-08,21.70
2004-12-09,21.76
2004-12-10,21.78
2004-12-13,22.04
2004-12-14,21.94
2004-12-15,21.92
2004-12-16,22.11
2004-12-17,21.98
2004-12-20,22.24
2004-12-21,22.41
2004-12-22,22.52
2004-12-23,22.49
2004-12-27,22.26
2004-12-28,22.40
2004-12-29,22.38
2004-12-30,22.59
2004-12-31,22.32
2005-01-03,22.02
2005-01-04,22.00
2005-01-05,21.87
2005-01-06,21.73
2005-01-07,21.83
2005-01-10,22.00
2005-01-11,21.98
2005-01-12,21.92
2005-01-13,21.85
2005-01-14,21.94
2005-01-18,22.11
2005-01-19,21.96
2005-01-20,21.91
2005-01-21,21.90
2005-01-24,22.20
2005-01-25,21.78
2005-01-26,22.10
2005-01-27,22.30
2005-01-28,22.31
2005-01-31,22.49
2005-02-01,22.70
2005-02-02,22.61
2005-02-03,22.54
2005-02-04,22.72
2005-02-07,22.68
2005-02-08,22.63
2005-02-09,22.47
2005-02-10,22.56
2005-02-11,22.33
2005-02-14,22.47
2005-02-15,22.42
2005-02-16,22.31
2005-02-17,22.19
2005-02-18,21.85
2005-02-22,21.27
2005-02-23,21.43
2005-02-24,21.46
2005-02-25,21.85
2005-02-28,21.62
2005-03-01,21.80
2005-03-02,21.80
2005-03-03,21.63
2005-03-04,21.94
2005-03-07,21.91
2005-03-08,21.83
2005-03-09,21.35
2005-03-10,21.60
2005-03-11,21.40
2005-03-14,21.82
2005-03-15,21.59
2005-03-16,21.38
2005-03-17,21.65
2005-03-18,21.60
2005-03-21,21.47
2005-03-22,21.20
2005-03-23,21.10
2005-03-24,21.34
2005-03-28,21.16
2005-03-29,21.03
2005-03-30,21.29
2005-03-31,21.42
2005-04-01,21.50
2005-04-04,21.50
2005-04-05,21.65
2005-04-06,21.55
2005-04-07,21.63
2005-04-08,21.50
2005-04-11,21.75
2005-04-12,22.06
2005-04-13,21.88
2005-04-14,21.69
2005-04-15,21.50
2005-04-18,21.39
2005-04-19,21.88
2005-04-20,21.93
2005-04-21,22.12
2005-04-22,22.21
2005-04-25,22.41
2005-04-26,21.98
2005-04-27,22.25
2005-04-28,22.08
2005-04-29,22.43
2005-05-02,22.58
2005-05-03,22.50
2005-05-04,22.64
2005-05-05,22.54
2005-05-06,22.60
2005-05-09,22.60
2005-05-10,22.49
2005-05-11,22.48
2005-05-12,22.64
2005-05-13,22.93
2005-05-16,23.08
2005-05-17,23.47
2005-05-18,23.38
2005-05-19,23.37
2005-05-20,23.36
2005-05-23,23.22
2005-05-24,23.06
2005-05-25,22.99
2005-05-26,23.07
2005-05-27,23.24
2005-05-31,23.11
2005-06-01,23.43
2005-06-02,23.48
2005-06-03,23.44
2005-06-06,23.41
2005-06-07,23.46
2005-06-08,23.52
2005-06-09,23.48
2005-06-10,23.45
2005-06-13,23.41
2005-06-14,23.46
2005-06-15,23.24
2005-06-16,23.27
2005-06-17,23.32
2005-06-20,23.20
2005-06-21,23.34
2005-06-22,23.52
2005-06-23,23.50
2005-06-24,23.30
2005-06-27,23.60
2005-06-28,23.77
2005-06-29,23.68
2005-06-30,23.60
2005-07-01,23.88
2005-07-05,23.94
2005-07-06,23.55
2005-07-07,23.79
2005-07-08,24.24
2005-07-11,24.45
2005-07-12,24.28
2005-07-13,24.25
2005-07-14,24.14
2005-07-15,24.21
2005-07-18,24.03
2005-07-19,24.08
2005-07-20,24.10
2005-07-21,23.74
2005-07-22,24.06
2005-07-25,23.97
2005-07-26,23.96
2005-07-27,24.06
2005-07-28,24.18
2005-07-29,24.07
2005-08-01,23.84
2005-08-02,24.10
2005-08-03,24.16
2005-08-04,23.99
2005-08-05,23.54
2005-08-08,23.28
2005-08-09,23.50
2005-08-10,23.41
2005-08-11,23.61
2005-08-12,23.52
2005-08-15,23.57
2005-08-16,23.23
2005-08-17,23.03
2005-08-18,23.12
2005-08-19,23.18
2005-08-22,23.21
2005-08-23,23.48
2005-08-24,23.37
2005-08-25,23.62
2005-08-26,23.34
2005-08-29,23.44
2005-08-30,23.44
2005-08-31,23.67
2005-09-01,23.90
2005-09-02,24.13
2005-09-06,24.45
2005-09-07,24.25
2005-09-08,24.17
2005-09-09,24.42
2005-09-12,24.27
2005-09-13,24.10
2005-09-14,24.20
2005-09-15,24.41
2005-09-16,24.88
2005-09-19,24.68
2005-09-20,24.56
2005-09-21,24.45
2005-09-22,24.45
2005-09-23,24.59
2005-09-26,24.64
2005-09-27,24.55
2005-09-28,24.59
2005-09-29,24.76
2005-09-30,24.60
2005-10-03,24.82
2005-10-04,24.62
2005-10-05,24.01
2005-10-06,23.87
2005-10-07,24.01
2005-10-10,23.61
2005-10-11,23.49
2005-10-12,23.19
2005-10-13,22.90
2005-10-14,22.91
2005-10-17,23.26
2005-10-18,22.92
2005-10-19,23.13
2005-10-20,22.92
2005-10-21,23.28
2005-10-24,23.70
2005-10-25,23.81
2005-10-26,23.54
2005-10-27,23.29
2005-10-28,23.64
2005-10-31,24.07
2005-11-01,23.91
2005-11-02,24.03
2005-11-03,24.00
2005-11-04,24.00
2005-11-07,23.79
2005-11-08,23.89
2005-11-09,23.99
2005-11-10,24.01
2005-11-11,23.96
2005-11-14,23.65
2005-11-15,23.68
2005-11-16,23.73
2005-11-17,23.95
2005-11-18,24.19
2005-11-21,24.10
2005-11-22,24.05
2005-11-23,24.23
2005-11-25,24.29
2005-11-28,24.26
2005-11-29,24.38
2005-11-30,24.14
2005-12-01,24.23
2005-12-02,24.37
2005-12-05,24.34
2005-12-06,24.26
2005-12-07,24.12
2005-12-08,24.34
2005-12-09,24.49
2005-12-12,24.26
2005-12-13,24.53
2005-12-14,24.60
2005-12-15,24.53
2005-12-16,24.60
2005-12-19,24.45
2005-12-20,24.56
2005-12-21,24.25
2005-12-22,24.44
2005-12-23,24.44
2005-12-27,24.41
2005-12-28,24.32
2005-12-29,24.16
2005-12-30,24.01
2006-01-03,24.39
2006-01-04,24.33
2006-01-05,24.27
2006-01-06,24.41
2006-01-09,24.29
2006-01-10,24.25
2006-01-11,24.19
2006-01-12,24.22
2006-01-13,24.29
2006-01-17,24.40
2006-01-18,24.45
2006-01-19,24.78
2006-01-20,24.38
2006-01-23,24.50
2006-01-24,24.74
2006-01-25,24.58
2006-01-26,24.43
2006-01-27,24.53
2006-01-30,24.40
2006-01-31,24.20
2006-02-01,24.13
2006-02-02,23.73
2006-02-03,23.49
2006-02-06,23.52
2006-02-07,23.44
2006-02-08,23.40
2006-02-09,23.47
2006-02-10,23.50
2006-02-13,23.59
2006-02-14,23.60
2006-02-15,23.51
2006-02-16,23.76
2006-02-17,23.80
2006-02-21,23.87
2006-02-22,23.98
2006-02-23,23.91
2006-02-24,23.99
2006-02-27,24.01
2006-02-28,23.92
2006-03-01,23.97
2006-03-02,23.79
2006-03-03,23.78
2006-03-06,23.41
2006-03-07,23.43
2006-03-08,23.45
2006-03-09,23.32
2006-03-10,23.39
2006-03-13,23.40
2006-03-14,23.64
2006-03-15,23.71
2006-03-16,23.78
2006-03-17,23.76
2006-03-20,23.58
2006-03-21,23.50
2006-03-22,23.47
2006-03-23,23.36
2006-03-24,23.25
2006-03-27,23.21
2006-03-28,22.98
2006-03-29,23.15
2006-03-30,22.76
2006-03-31,23.04
2006-04-03,22.88
2006-04-04,22.97
2006-04-05,23.28
2006-04-06,22.85
2006-04-07,22.47
2006-04-10,22.39
2006-04-11,22.14
2006-04-12,22.26
2006-04-13,22.11
2006-04-17,22.21
2006-04-18,22.41
2006-04-19,22.43
2006-04-20,22.51
2006-04-21,22.49
2006-04-24,22.74
2006-04-25,22.29
2006-04-26,22.25
2006-04-27,22.83
2006-04-28,22.94
2006-05-01,22.60
2006-05-02,22.73
2006-05-03,22.43
2006-05-04,22.48
2006-05-05,22.79
2006-05-08,22.71
2006-05-09,22.61
2006-05-10,22.84
2006-05-11,22.47
2006-05-12,22.16
2006-05-15,22.31
2006-05-16,22.23
2006-05-17,21.70
2006-05-18,21.80
2006-05-19,22.20
2006-05-22,22.53
2006-05-23,22.15
2006-05-24,22.41
2006-05-25,22.60
2006-05-26,23.02
2006-05-30,22.54
2006-05-31,22.75
2006-06-01,22.77
2006-06-02,23.22
2006-06-05,23.03
2006-06-06,23.04
2006-06-07,23.03
2006-06-08,23.12
2006-06-09,23.22
2006-06-12,23.33
2006-06-13,23.06
2006-06-14,22.95
2006-06-15,23.31
2006-06-16,23.14
2006-06-19,23.06
2006-06-20,22.86
2006-06-21,22.78
2006-06-22,22.87
2006-06-23,22.80
2006-06-26,22.82
2006-06-27,22.58
2006-06-28,22.63
2006-06-29,22.78
2006-06-30,22.81
2006-07-03,22.98
2006-07-05,23.03
2006-07-06,23.03
2006-07-07,23.21
2006-07-10,23.43
2006-07-11,23.53
2006-07-12,23.33
2006-07-13,23.16
2006-07-14,23.15
2006-07-17,23.11
2006-07-18,23.25
2006-07-19,23.57
2006-07-20,23.71
2006-07-21,23.86
2006-07-24,23.87
2006-07-25,24.07
2006-07-26,24.06
2006-07-27,24.06
2006-07-28,24.08
2006-07-31,24.04
2006-08-01,24.31
2006-08-02,24.34
2006-08-03,24.02
2006-08-04,24.30
2006-08-07,23.89
2006-08-08,24.09
2006-08-09,24.00
2006-08-10,24.06
2006-08-11,24.04
2006-08-14,24.17
2006-08-15,24.32
2006-08-16,24.10
2006-08-17,24.17
2006-08-18,24.25
2006-08-21,24.28
2006-08-22,24.38
2006-08-23,24.12
2006-08-24,24.24
2006-08-25,24.15
2006-08-28,24.46
2006-08-29,24.35
2006-08-30,24.40
2006-08-31,24.67
2006-09-01,24.63
2006-09-05,24.47
2006-09-06,24.40
2006-09-07,24.41
2006-09-08,24.51
2006-09-11,24.56
2006-09-12,24.61
2006-09-13,24.80
2006-09-14,24.69
2006-09-15,24.89
2006-09-18,24.65
2006-09-19,24.69
2006-09-20,24.78
2006-09-21,24.84
2006-09-22,24.67
2006-09-25,24.97
2006-09-26,24.89
2006-09-27,25.15
2006-09-28,24.93
2006-09-29,24.81
2006-10-02,25.06
2006-10-03,25.17
2006-10-04,25.20
2006-10-05,25.15
2006-10-06,25.03
2006-10-09,25.01
2006-10-10,24.97
2006-10-11,25.20
2006-10-12,25.20
2006-10-13,25.26
2006-10-16,25.33
2006-10-17,25.33
2006-10-18,25.74
2006-10-19,25.66
2006-10-20,25.76
2006-10-23,25.83
2006-10-24,25.82
2006-10-25,26.07
2006-10-26,26.02
2006-10-27,25.94
2006-10-30,26.07
2006-10-31,26.20
2006-11-01,26.36
2006-11-02,26.22
2006-11-03,26.03
2006-11-06,25.97
2006-11-07,25.95
2006-11-08,26.14
2006-11-09,26.06
2006-11-10,26.24
2006-11-13,26.22
2006-11-14,26.35
2006-11-15,26.25
2006-11-16,26.29
2006-11-17,26.32
2006-11-20,26.30
2006-11-21,26.28
2006-11-22,26.28
2006-11-24,26.30
2006-11-27,25.96
2006-11-28,26.13
2006-11-29,26.38
2006-11-30,26.38
2006-12-01,26.44
2006-12-04,26.65
2006-12-05,26.71
2006-12-06,26.51
2006-12-07,26.45
2006-12-08,26.53
2006-12-11,26.66
2006-12-12,27.02
2006-12-13,27.01
2006-12-14,27.15
2006-12-15,26.90
2006-12-18,26.95
2006-12-19,27.17
2006-12-20,26.99
2006-12-21,26.97
2006-12-22,26.83
2006-12-26,27.00
2006-12-27,27.07
2006-12-28,26.85
2006-12-29,26.82
2007-01-03,26.91
2007-01-04,26.92
2007-01-05,26.51
2007-01-08,26.59
2007-01-09,26.66
2007-01-10,26.61
2007-01-11,26.72
2007-01-12,26.38
2007-01-16,26.54
2007-01-17,26.71
2007-01-18,26.65
2007-01-19,26.73
2007-01-22,26.66
2007-01-23,26.72
2007-01-24,26.75
2007-01-25,26.74
2007-01-26,26.48
2007-01-29,26.38
2007-01-30,26.35
2007-01-31,26.58
2007-02-01,26.72
2007-02-02,26.70
2007-02-05,26.78
2007-02-06,26.90
2007-02-07,26.84
2007-02-08,26.74
2007-02-09,26.76
2007-02-12,26.67
2007-02-13,26.86
2007-02-14,26.87
2007-02-15,26.73
2007-02-16,26.78
2007-02-20,26.90
2007-02-21,26.73
2007-02-22,26.71
2007-02-23,26.63
2007-02-26,26.77
2007-02-27,26.09
2007-02-28,26.33
2007-03-01,26.41
2007-03-02,26.03
2007-03-05,25.77
2007-03-06,26.10
2007-03-07,26.00
2007-03-08,26.17
2007-03-09,25.92
2007-03-12,26.07
2007-03-13,25.77
2007-03-14,25.98
2007-03-15,26.23
2007-03-16,26.03
2007-03-19,26.34
2007-03-20,26.68
2007-03-21,27.03
2007-03-22,26.98
2007-03-23,27.10
2007-03-26,27.24
2007-03-27,27.06
2007-03-28,26.95
2007-03-29,27.14
2007-03-30,26.95
2007-04-02,27.27
2007-04-03,27.35
2007-04-04,27.28
2007-04-05,27.36
2007-04-09,27.44
2007-04-10,27.52
2007-04-11,27.50
2007-04-12,27.48
2007-04-13,27.54
2007-04-16,27.52
2007-04-17,27.75
2007-04-18,27.90
2007-04-19,27.79
2007-04-20,28.08
2007-04-23,27.95
2007-04-24,28.17
2007-04-25,28.42
2007-04-26,28.31
2007-04-27,28.07
2007-04-30,27.79
2007-05-01,27.95
2007-05-02,27.99
2007-05-03,27.98
2007-05-04,27.96
2007-05-07,28.08
2007-05-08,28.01
2007-05-09,27.92
2007-05-10,27.39
2007-05-11,27.49
2007-05-14,27.50
2007-05-15,27.56
2007-05-16,27.87
2007-05-17,27.67
2007-05-18,27.75
2007-05-21,27.75
2007-05-22,27.62
2007-05-23,27.23
2007-05-24,26.67
2007-05-25,26.36
2007-05-29,26.54
2007-05-30,26.74
2007-05-31,26.77
2007-06-01,26.66
2007-06-04,26.59
2007-06-05,26.24
2007-06-06,26.23
2007-06-07,25.50
2007-06-08,25.72
2007-06-11,25.79
2007-06-12,25.38
2007-06-13,25.94
2007-06-14,26.12
2007-06-15,26.47
2007-06-18,26.13
2007-06-19,26.33
2007-06-20,25.69
2007-06-21,25.82
2007-06-22,25.23
2007-06-25,25.14
2007-06-26,25.12
2007-06-27,25.45
2007-06-28,25.20
2007-06-29,25.49
2007-07-02,25.75
2007-07-03,25.73
2007-07-05,25.57
2007-07-06,25.33
2007-07-09,25.49
2007-07-10,25.08
2007-07-11,25.30
2007-07-12,25.75
2007-07-13,25.92
2007-07-16,25.58
2007-07-17,25.51
2007-07-18,25.60
2007-07-19,25.98
2007-07-20,25.47
2007-07-23,25.69
2007-07-24,25.12
2007-07-25,25.75
2007-07-26,25.39
2007-07-27,25.12
2007-07-30,25.15
2007-07-31,25.00
2007-08-01,25.95
2007-08-02,26.27
2007-08-03,25.28
2007-08-06,26.55
2007-08-07,27.33
2007-08-08,27.73
2007-08-09,27.83
2007-08-10,27.57
2007-08-13,26.62
2007-08-14,26.36
2007-08-15,26.33
2007-08-16,26.65
2007-08-17,27.07
2007-08-20,27.08
2007-08-21,27.26
2007-08-22,27.30
2007-08-23,27.07
2007-08-24,27.16
2007-08-27,26.57
2007-08-28,26.41
2007-08-29,26.80
2007-08-30,26.51
2007-08-31,26.69
2007-09-04,26.98
2007-09-05,26.53
2007-09-06,26.82
2007-09-07,26.57
2007-09-10,26.73
2007-09-11,27.03
2007-09-12,27.18
2007-09-13,27.33
2007-09-14,27.37
2007-09-17,27.31
2007-09-18,27.77
2007-09-19,28.09
2007-09-20,27.79
2007-09-21,27.85
2007-09-24,27.73
2007-09-25,27.72
2007-09-26,27.87
2007-09-27,27.80
2007-09-28,27.28
2007-10-01,27.73
2007-10-02,27.69
2007-10-03,27.75
2007-10-04,27.76
2007-10-05,27.62
2007-10-08,27.54
2007-10-09,27.97
2007-10-10,27.67
2007-10-11,27.63
2007-10-12,27.56
2007-10-15,27.36
2007-10-16,27.17
2007-10-17,27.18
2007-10-18,27.12
2007-10-19,26.62
2007-10-22,26.76
2007-10-23,26.79
2007-10-24,26.86
2007-10-25,27.15
2007-10-26,27.22
2007-10-29,27.41
2007-10-30,27.29
2007-10-31,27.57
2007-11-01,27.07
2007-11-02,27.16
2007-11-05,27.30
2007-11-06,27.23
2007-11-07,26.76
2007-11-08,27.52
2007-11-09,27.26
2007-11-12,27.38
2007-11-13,27.62
2007-11-14,27.68
2007-11-15,28.00
2007-11-16,28.15
2007-11-19,28.66
2007-11-20,29.06
2007-11-21,28.94
2007-11-23,28.92
2007-11-26,28.61
2007-11-27,28.75
2007-11-28,28.83
2007-11-29,28.76
2007-11-30,28.60
2007-12-03,28.75
2007-12-04,29.03
2007-12-05,29.52
2007-12-06,29.61
2007-12-07,29.58
2007-12-10,29.77
2007-12-11,29.23
2007-12-12,29.27
2007-12-13,29.59
2007-12-14,29.27
2007-12-17,28.98
2007-12-18,29.49
2007-12-19,29.20
2007-12-20,29.34
2007-12-21,29.80
2007-12-24,29.76
2007-12-26,29.73
2007-12-27,29.56
2007-12-28,29.77
2007-12-31,29.46
2008-01-02,28.98
2008-01-03,28.98
2008-01-04,29.43
2008-01-07,30.03
2008-01-08,30.19
2008-01-09,30.79
2008-01-10,30.57
2008-01-11,30.23
2008-01-14,30.12
2008-01-15,29.89
2008-01-16,29.80
2008-01-17,29.15
2008-01-18,28.69
2008-01-22,28.13
2008-01-23,28.54
2008-01-24,27.79
2008-01-25,27.44
2008-01-28,27.47
2008-01-29,27.78
2008-01-30,27.67
2008-01-31,27.96
2008-02-01,28.68
2008-02-04,28.90
2008-02-05,28.11
2008-02-06,27.88
2008-02-07,27.62
2008-02-08,27.49
2008-02-11,27.43
2008-02-12,27.84
2008-02-13,27.79
2008-02-14,27.53
2008-02-15,27.51
2008-02-19,27.49
2008-02-20,27.50
2008-02-21,27.02
2008-02-22,27.31
2008-02-25,27.52
2008-02-26,27.82
2008-02-27,27.45
2008-02-28,27.06
2008-02-29,26.55
2008-03-03,26.64
2008-03-04,26.89
2008-03-05,26.89
2008-03-06,26.45
2008-03-07,26.36
2008-03-10,26.23
2008-03-11,27.01
2008-03-12,26.65
2008-03-13,26.63
2008-03-14,26.49
2008-03-17,27.26
2008-03-18,27.63
2008-03-19,27.12
2008-03-20,27.78
2008-03-24,27.50
2008-03-25,27.46
2008-03-26,27.42
2008-03-27,27.42
2008-03-28,27.19
2008-03-31,27.38
2008-04-01,27.99
2008-04-02,28.17
2008-04-03,28.09
2008-04-04,28.07
2008-04-07,27.87
2008-04-08,27.89
2008-04-09,28.25
2008-04-10,27.92
2008-04-11,27.91
2008-04-14,27.82
2008-04-15,28.06
2008-04-16,28.41
2008-04-17,28.29
2008-04-18,28.41
2008-04-21,28.25
2008-04-22,28.10
2008-04-23,28.13
2008-04-24,28.26
2008-04-25,28.52
2008-04-28,28.37
2008-04-29,28.29
2008-04-30,28.62
2008-05-01,28.71
2008-05-02,28.86
2008-05-05,28.62
2008-05-06,28.51
2008-05-07,28.25
2008-05-08,28.30
2008-05-09,28.22
2008-05-12,28.67
2008-05-13,28.54
2008-05-14,28.76
2008-05-15,28.55
2008-05-16,28.57
2008-05-19,28.80
2008-05-20,28.66
2008-05-21,28.38
2008-05-22,28.62
2008-05-23,27.99
2008-05-27,28.14
2008-05-28,28.10
2008-05-29,28.21
2008-05-30,28.15
2008-06-02,27.69
2008-06-03,27.50
2008-06-04,27.75
2008-06-05,27.96
2008-06-06,27.15
2008-06-09,27.41
2008-06-10,27.33
2008-06-11,27.19
2008-06-12,27.25
2008-06-13,27.29
2008-06-16,27.43
2008-06-17,27.33
2008-06-18,27.23
2008-06-19,27.21
2008-06-20,26.82
2008-06-23,27.12
2008-06-24,27.15
2008-06-25,27.54
2008-06-26,26.98
2008-06-27,26.77
2008-06-30,27.15
2008-07-01,27.34
2008-07-02,27.38
2008-07-03,27.47
2008-07-07,27.34
2008-07-08,27.85
2008-07-09,28.48
2008-07-10,28.38
2008-07-11,27.99
2008-07-14,27.71
2008-07-15,27.63
2008-07-16,27.49
2008-07-17,27.12
2008-07-18,27.09
2008-07-21,27.64
2008-07-22,27.72
2008-07-23,27.40
2008-07-24,27.62
2008-07-25,27.32
2008-07-28,27.50
2008-07-29,27.78
2008-07-30,27.89
2008-07-31,27.85
2008-08-01,27.22
2008-08-04,27.78
2008-08-05,28.24
2008-08-06,28.03
2008-08-07,27.80
2008-08-08,28.77
2008-08-11,29.55
2008-08-12,29.48
2008-08-13,29.43
2008-08-14,29.11
2008-08-15,29.46
2008-08-18,29.59
2008-08-19,29.47
2008-08-20,29.52
2008-08-21,29.55
2008-08-22,29.73
2008-08-25,29.33
2008-08-26,29.57
2008-08-27,29.63
2008-08-28,29.90
2008-08-29,29.51
2008-09-02,29.33
2008-09-03,29.60
2008-09-04,29.35
2008-09-05,29.19
2008-09-08,29.90
2008-09-09,29.78
2008-09-10,29.67
2008-09-11,29.89
2008-09-12,30.01
2008-09-15,29.98
2008-09-16,30.71
2008-09-17,29.99
2008-09-18,31.08
2008-09-19,30.21
2008-09-22,29.66
2008-09-23,29.44
2008-09-24,29.88
2008-09-25,30.39
2008-09-26,30.39
2008-09-29,29.31
2008-09-30,29.66
2008-10-01,29.73
2008-10-02,29.49
2008-10-03,29.23
2008-10-06,28.42
2008-10-07,28.07
2008-10-08,27.86
2008-10-09,26.37
2008-10-10,25.38
2008-10-13,28.19
2008-10-14,27.10
2008-10-15,25.64
2008-10-16,26.55
2008-10-17,26.35
2008-10-20,28.14
2008-10-21,27.59
2008-10-22,26.42
2008-10-23,28.51
2008-10-24,27.23
2008-10-27,25.92
2008-10-28,28.26
2008-10-29,27.37
2008-10-30,28.08
2008-10-31,27.35
2008-11-03,27.72
2008-11-04,28.02
2008-11-05,27.57
2008-11-06,26.90
2008-11-07,27.74
2008-11-10,27.56
2008-11-11,27.67
2008-11-12,27.24
2008-11-13,28.02
2008-11-14,28.04
2008-11-17,28.26
2008-11-18,27.88
2008-11-19,27.45
2008-11-20,26.94
2008-11-21,28.35
2008-11-24,28.27
2008-11-25,28.49
2008-11-26,28.76
2008-11-28,28.93
2008-12-01,28.01
2008-12-02,28.29
2008-12-03,29.01
2008-12-04,28.22
2008-12-05,29.38
2008-12-08,29.46
2008-12-09,29.12
2008-12-10,29.24
2008-12-11,28.96
2008-12-12,28.94
2008-12-15,28.55
2008-12-16,29.63
2008-12-17,28.91
2008-12-18,28.77
2008-12-19,28.54
2008-12-22,28.77
2008-12-23,28.44
2008-12-24,28.44
2008-12-26,28.65
2008-12-29,28.83
2008-12-30,29.09
2008-12-31,29.47
2009-01-02,29.84
2009-01-05,29.21
2009-01-06,28.50
2009-01-07,28.46
2009-01-08,28.35
2009-01-09,28.30
2009-01-12,28.50
2009-01-13,27.76
2009-01-14,27.35
2009-01-15,27.63
2009-01-16,27.90
2009-01-20,27.66
2009-01-21,27.83
2009-01-22,27.84
2009-01-23,27.60
2009-01-26,27.83
2009-01-27,27.83
2009-01-28,27.37
2009-01-29,27.30
2009-01-30,26.97
2009-02-02,26.84
2009-02-03,26.99
2009-02-04,27.05
2009-02-05,26.88
2009-02-06,27.08
2009-02-09,26.66
2009-02-10,25.90
2009-02-11,25.92
2009-02-12,25.50
2009-02-13,25.31
2009-02-17,24.52
2009-02-18,24.77
2009-02-19,24.89
2009-02-20,24.33
2009-02-23,23.96
2009-02-24,24.97
2009-02-25,25.16
2009-02-26,24.71
2009-02-27,24.44
2009-03-02,24.01
2009-03-03,22.96
2009-03-04,23.18
2009-03-05,22.42
2009-03-06,22.62
2009-03-09,21.62
2009-03-10,21.97
2009-03-11,21.88
2009-03-12,21.62
2009-03-13,21.88
2009-03-16,22.71
2009-03-17,23.24
2009-03-18,23.97
2009-03-19,24.43
2009-03-20,24.66
2009-03-23,25.66
2009-03-24,24.77
2009-03-25,24.55
2009-03-26,24.76
2009-03-27,24.65
2009-03-30,24.46
2009-03-31,24.69
2009-04-01,24.84
2009-04-02,25.05
2009-04-03,25.06
2009-04-06,24.98
2009-04-07,24.95
2009-04-08,25.30
2009-04-09,24.91
2009-04-13,24.62
2009-04-14,24.07
2009-04-15,24.23
2009-04-16,24.08
2009-04-17,23.90
2009-04-20,24.07
2009-04-21,24.22
2009-04-22,23.77
2009-04-23,23.79
2009-04-24,23.75
2009-04-27,23.99
2009-04-28,24.21
2009-04-29,24.21
2009-04-30,23.63
2009-05-01,23.58
2009-05-04,23.73
2009-05-05,23.66
2009-05-06,23.87
2009-05-07,23.95
2009-05-08,23.53
2009-05-11,23.72
2009-05-12,23.62
2009-05-13,23.43
2009-05-14,23.30
2009-05-15,23.01
2009-05-18,23.01
2009-05-19,22.89
2009-05-20,22.46
2009-05-21,22.39
2009-05-22,22.67
2009-05-26,23.16
2009-05-27,22.98
2009-05-28,23.15
2009-05-29,23.25
2009-06-01,23.67
2009-06-02,23.75
2009-06-03,23.51
2009-06-04,23.51
2009-06-05,23.66
2009-06-08,23.58
2009-06-09,23.43
2009-06-10,23.77
2009-06-11,24.47
2009-06-12,25.00
2009-06-15,24.66
2009-06-16,24.65
2009-06-17,24.85
2009-06-18,25.44
2009-06-19,25.05
2009-06-22,25.42
2009-06-23,25.45
2009-06-24,25.61
2009-06-25,26.00
2009-06-26,26.10
2009-06-29,26.07
2009-06-30,25.50
2009-07-01,25.79
2009-07-02,25.37
2009-07-06,25.91
2009-07-07,25.43
2009-07-08,25.30
2009-07-09,25.18
2009-07-10,25.12
2009-07-13,25.14
2009-07-14,25.23
2009-07-15,25.80
2009-07-16,26.02
2009-07-17,25.76
2009-07-20,26.01
2009-07-21,26.13
2009-07-22,26.00
2009-07-23,26.43
2009-07-24,26.70
2009-07-27,26.69
2009-07-28,26.18
2009-07-29,26.03
2009-07-30,26.42
2009-07-31,26.05
2009-08-03,25.94
2009-08-04,26.01
2009-08-05,25.92
2009-08-06,25.98
2009-08-07,26.14
2009-08-10,26.00
2009-08-11,25.91
2009-08-12,26.06
2009-08-13,26.03
2009-08-14,26.11
2009-08-17,25.79
2009-08-18,25.63
2009-08-19,25.80
2009-08-20,26.01
2009-08-21,26.14
2009-08-24,26.20
2009-08-25,26.16
2009-08-26,26.24
2009-08-27,26.18
2009-08-28,26.20
2009-08-31,25.89
2009-09-01,25.82
2009-09-02,25.78
2009-09-03,25.83
2009-09-04,26.07
2009-09-08,26.08
2009-09-09,25.84
2009-09-10,25.89
2009-09-11,25.74
2009-09-14,26.15
2009-09-15,26.52
2009-09-16,26.68
2009-09-17,26.61
2009-09-18,26.57
2009-09-21,26.58
2009-09-22,26.37
2009-09-23,26.39
2009-09-24,26.49
2009-09-25,26.47
2009-09-28,26.52
2009-09-29,26.52
2009-09-30,26.28
2009-10-01,26.28
2009-10-02,26.32
2009-10-05,26.32
2009-10-06,26.46
2009-10-07,26.41
2009-10-08,26.40
2009-10-09,26.42
2009-10-12,26.48
2009-10-13,26.34
2009-10-14,26.42
2009-10-15,26.64
2009-10-16,26.96
2009-10-19,27.60
2009-10-20,27.55
2009-10-21,27.78
2009-10-22,27.61
2009-10-23,27.10
2009-10-26,27.03
2009-10-27,27.09
2009-10-28,26.99
2009-10-29,26.67
2009-10-30,26.23
2009-11-02,26.10
2009-11-03,26.06
2009-11-04,26.23
2009-11-05,26.49
2009-11-06,26.57
2009-11-09,26.99
2009-11-10,27.08
2009-11-11,26.89
2009-11-12,26.57
2009-11-13,26.56
2009-11-16,26.83
2009-11-17,26.72
2009-11-18,26.68
2009-11-19,26.48
2009-11-20,26.41
2009-11-23,26.79
2009-11-24,26.89
2009-11-25,26.94
2009-11-27,26.58
2009-11-30,26.99
2009-12-01,27.26
2009-12-02,27.45
2009-12-03,27.86
2009-12-04,27.61
2009-12-07,27.76
2009-12-08,27.90
2009-12-09,28.24
2009-12-10,28.41
2009-12-11,28.78
2009-12-14,28.74
2009-12-15,28.68
2009-12-16,28.49
2009-12-17,28.17
2009-12-18,28.42
2009-12-21,28.37
2009-12-22,28.09
2009-12-23,28.00
2009-12-24,28.13
2009-12-28,28.12
2009-12-29,28.19
2009-12-30,28.32
2009-12-31,28.02
2010-01-04,27.96
2010-01-05,27.40
2010-01-06,27.79
2010-01-07,27.67
2010-01-08,27.61
2010-01-11,27.97
2010-01-12,27.79
2010-01-13,28.19
2010-01-14,28.12
2010-01-15,28.04
2010-01-19,28.30
2010-01-20,28.11
2010-01-21,27.88
2010-01-22,27.37
2010-01-25,27.58
2010-01-26,27.73
2010-01-27,27.68
2010-01-28,27.23
2010-01-29,27.27
2010-02-01,27.27
2010-02-02,27.40
2010-02-03,27.27
2010-02-04,26.92
2010-02-05,27.02
2010-02-08,26.53
2010-02-09,26.67
2010-02-10,26.66
2010-02-11,26.69
2010-02-12,26.57
2010-02-16,27.17
2010-02-17,26.97
2010-02-18,27.11
2010-02-19,27.52
2010-02-22,27.56
2010-02-23,27.29
2010-02-24,27.39
2010-02-25,27.28
2010-02-26,27.08
2010-03-01,27.33
2010-03-02,27.47
2010-03-03,27.43
2010-03-04,27.52
2010-03-05,27.46
2010-03-08,27.57
2010-03-09,27.54
2010-03-10,27.58
2010-03-11,27.70
2010-03-12,27.68
2010-03-15,28.01
2010-03-16,28.31
2010-03-17,28.51
2010-03-18,28.45
2010-03-19,28.28
2010-03-22,28.22
2010-03-23,28.42
2010-03-24,28.15
2010-03-25,28.14
2010-03-26,28.21
2010-03-29,28.42
2010-03-30,28.31
2010-03-31,28.26
2010-04-01,28.48
2010-04-05,28.54
2010-04-06,28.88
2010-04-07,28.60
2010-04-08,28.56
2010-04-09,28.92
2010-04-12,28.94
2010-04-13,28.90
2010-04-14,28.97
2010-04-15,28.94
2010-04-16,28.87
2010-04-19,29.06
2010-04-20,29.32
2010-04-21,29.36
2010-04-22,29.45
2010-04-23,29.60
2010-04-26,29.72
2010-04-27,29.41
2010-04-28,30.05
2010-04-29,29.91
2010-04-30,29.84
2010-05-03,29.88
2010-05-04,29.63
2010-05-05,29.38
2010-05-06,28.91
2010-05-07,29.29
2010-05-10,30.11
2010-05-11,30.12
2010-05-12,30.27
2010-05-13,29.90
2010-05-14,29.76
2010-05-17,29.90
2010-05-18,29.59
2010-05-19,29.30
2010-05-20,28.85
2010-05-21,29.03
2010-05-24,28.59
2010-05-25,28.49
2010-05-26,28.21
2010-05-27,28.43
2010-05-28,28.24
2010-06-01,27.86
2010-06-02,28.23
2010-06-03,28.35
2010-06-04,27.74
2010-06-07,27.87
2010-06-08,28.36
2010-06-09,28.12
2010-06-10,28.51
2010-06-11,28.52
2010-06-14,28.64
2010-06-15,29.11
2010-06-16,29.24
2010-06-17,29.38
2010-06-18,29.45
2010-06-21,29.29
2010-06-22,28.96
2010-06-23,28.79
2010-06-24,28.75
2010-06-25,28.74
2010-06-28,29.19
2010-06-29,29.05
2010-06-30,28.74
2010-07-01,28.81
2010-07-02,28.82
2010-07-06,28.93
2010-07-07,29.82
2010-07-08,29.81
2010-07-09,29.97
2010-07-12,30.03
2010-07-13,30.13
2010-07-14,30.14
2010-07-15,30.24
2010-07-16,30.03
2010-07-19,30.58
2010-07-20,30.95
2010-07-21,30.54
2010-07-22,30.78
2010-07-23,30.99
2010-07-26,31.15
2010-07-27,31.72
2010-07-28,31.59
2010-07-29,31.03
2010-07-30,30.89
2010-08-02,31.34
2010-08-03,31.14
2010-08-04,31.28
2010-08-05,31.41
2010-08-06,31.37
2010-08-09,31.61
2010-08-10,31.79
2010-08-11,31.35
2010-08-12,31.28
2010-08-13,31.34
2010-08-16,31.36
2010-08-17,31.53
2010-08-18,31.43
2010-08-19,31.03
2010-08-20,31.28
2010-08-23,31.37
2010-08-24,31.84
2010-08-25,31.72
2010-08-26,31.60
2010-08-27,32.32
2010-08-30,31.93
2010-08-31,32.08
2010-09-01,32.26
2010-09-02,32.21
2010-09-03,32.34
2010-09-07,32.26
2010-09-08,32.32
2010-09-09,32.46
2010-09-10,32.45
2010-09-13,32.57
2010-09-14,32.54
2010-09-15,32.49
2010-09-16,32.36
2010-09-17,32.40
2010-09-20,32.76
2010-09-21,32.52
2010-09-22,32.76
2010-09-23,32.35
2010-09-24,32.78
2010-09-27,32.81
2010-09-28,32.81
2010-09-29,32.72
2010-09-30,32.56
2010-10-01,32.47
2010-10-04,32.71
2010-10-05,33.04
2010-10-06,33.00
2010-10-07,33.04
2010-10-08,32.97
2010-10-11,32.82
2010-10-12,32.78
2010-10-13,32.80
2010-10-14,32.83
2010-10-15,32.95
2010-10-18,33.18
2010-10-19,33.11
2010-10-20,33.23
2010-10-21,33.34
2010-10-22,33.50
2010-10-25,33.38
2010-10-26,33.47
2010-10-27,33.49
2010-10-28,33.46
2010-10-29,33.51
2010-11-01,33.25
2010-11-02,33.61
2010-11-03,33.54
2010-11-04,34.02
2010-11-05,34.04
2010-11-08,33.91
2010-11-09,33.85
2010-11-10,33.60
2010-11-11,33.85
2010-11-12,33.70
2010-11-15,33.92
2010-11-16,33.74
2010-11-17,33.54
2010-11-18,33.65
2010-11-19,33.69
2010-11-22,33.83
2010-11-23,33.59
2010-11-24,33.63
2010-11-26,33.47
2010-11-29,33.23
2010-11-30,33.38
2010-12-01,33.83
2010-12-02,33.70
2010-12-03,33.73
2010-12-06,33.70
2010-12-07,33.53
2010-12-08,33.25
2010-12-09,33.56
2010-12-10,33.46
2010-12-13,33.54
2010-12-14,33.50
2010-12-15,33.36
2010-12-16,33.44
2010-12-17,33.54
2010-12-20,33.87
2010-12-21,33.93
2010-12-22,33.84
2010-12-23,33.85
2010-12-27,33.87
2010-12-28,34.00
2010-12-29,34.00
2010-12-30,33.89
2010-12-31,33.83
2011-01-03,34.00
2011-01-04,34.07
2011-01-05,33.71
2011-01-06,33.53
2011-01-07,33.70
2011-01-10,33.41
2011-01-11,33.48
2011-01-12,33.70
2011-01-13,33.87
2011-01-14,34.07
2011-01-18,33.98
2011-01-19,34.02
2011-01-20,33.98
2011-01-21,33.85
2011-01-24,33.98
2011-01-25,34.03
2011-01-26,33.77
2011-01-27,33.77
2011-01-28,33.42
2011-01-31,33.29
2011-02-01,33.57
2011-02-02,33.29
2011-02-03,33.67
2011-02-04,33.44
2011-02-07,33.56
2011-02-08,33.46
2011-02-09,33.67
2011-02-10,33.47
2011-02-11,34.06
2011-02-14,34.01
2011-02-15,34.16
2011-02-16,33.93
2011-02-17,33.87
2011-02-18,33.92
2011-02-22,33.94
2011-02-23,33.86
2011-02-24,33.81
2011-02-25,34.09
2011-02-28,34.13
2011-03-01,33.78
2011-03-02,33.88
2011-03-03,34.22
2011-03-04,34.01
2011-03-07,34.10
2011-03-08,34.39
2011-03-09,34.49
2011-03-10,34.40
2011-03-11,34.29
2011-03-14,33.72
2011-03-15,33.15
2011-03-16,32.96
2011-03-17,33.02
2011-03-18,33.14
2011-03-21,33.52
2011-03-22,33.49
2011-03-23,33.58
2011-03-24,33.62
2011-03-25,33.66
2011-03-28,33.63
2011-03-29,33.77
2011-03-30,34.14
2011-03-31,34.13
2011-04-01,34.31
2011-04-04,34.31
2011-04-05,34.27
2011-04-06,34.64
2011-04-07,34.67
2011-04-08,34.39
2011-04-11,33.84
2011-04-12,33.57
2011-04-13,33.66
2011-04-14,33.89
2011-04-15,34.33
2011-04-18,34.29
2011-04-19,34.21
2011-04-20,34.47
2011-04-21,34.54
2011-04-25,34.51
2011-04-26,34.59
2011-04-27,34.85
2011-04-28,35.23
2011-04-29,35.40
2011-05-02,35.41
2011-05-03,35.62
2011-05-04,35.83
2011-05-05,35.62
2011-05-06,35.81
2011-05-09,36.01
2011-05-10,36.19
2011-05-11,36.26
2011-05-12,36.65
2011-05-13,36.71
2011-05-16,36.50
2011-05-17,36.81
2011-05-18,36.71
2011-05-19,37.01
2011-05-20,36.69
2011-05-23,36.38
2011-05-24,36.37
2011-05-25,36.21
2011-05-26,36.17
2011-05-27,36.09
2011-05-31,36.34
2011-06-01,35.98
2011-06-02,35.97
2011-06-03,35.70
2011-06-06,35.67
2011-06-07,35.67
2011-06-08,35.89
2011-06-09,35.84
2011-06-10,35.66
2011-06-13,35.95
2011-06-14,35.96
2011-06-15,35.66
2011-06-16,35.96
2011-06-17,36.10
2011-06-20,36.27
2011-06-21,36.14
2011-06-22,35.87
2011-06-23,35.67
2011-06-24,35.75
2011-06-27,36.08
2011-06-28,36.46
2011-06-29,36.49
2011-06-30,36.61
2011-07-01,36.92
2011-07-05,36.80
2011-07-06,36.85
2011-07-07,36.70
2011-07-08,36.55
2011-07-11,36.40
2011-07-12,36.56
2011-07-13,36.56
2011-07-14,36.36
2011-07-15,36.47
2011-07-18,36.26
2011-07-19,36.50
2011-07-20,36.56
2011-07-21,36.99
2011-07-22,36.79
2011-07-25,36.55
2011-07-26,36.50
2011-07-27,36.45
2011-07-28,36.48
2011-07-29,36.28
2011-08-01,36.39
2011-08-02,36.21
2011-08-03,36.31
2011-08-04,36.04
2011-08-05,36.58
2011-08-08,35.17
2011-08-09,35.15
2011-08-10,34.89
2011-08-11,36.16
2011-08-12,35.98
2011-08-15,37.08
2011-08-16,36.93
2011-08-17,37.26
2011-08-18,36.89
2011-08-19,36.67
2011-08-22,36.72
2011-08-23,37.27
2011-08-24,37.83
2011-08-25,37.52
2011-08-26,37.46
2011-08-29,37.71
2011-08-30,37.78
2011-08-31,37.95
2011-09-01,37.73
2011-09-02,37.76
2011-09-06,37.84
2011-09-07,37.91
2011-09-08,37.95
2011-09-09,37.38
2011-09-12,37.96
2011-09-13,38.12
2011-09-14,38.30
2011-09-15,38.60
2011-09-16,39.08
2011-09-19,38.87
2011-09-20,39.28
2011-09-21,39.01
2011-09-22,38.64
2011-09-23,38.92
2011-09-26,38.92
2011-09-27,38.81
2011-09-28,38.78
2011-09-29,39.33
2011-09-30,38.87
2011-10-03,38.54
2011-10-04,38.36
2011-10-05,37.92
2011-10-06,38.58
2011-10-07,38.87
2011-10-10,39.41
2011-10-11,39.16
2011-10-12,39.19
2011-10-13,38.98
2011-10-14,39.15
2011-10-17,39.37
2011-10-18,39.35
2011-10-19,39.43
2011-10-20,39.70
2011-10-21,40.31
2011-10-24,39.80
2011-10-25,39.56
2011-10-26,39.56
2011-10-27,40.04
2011-10-28,39.74
2011-10-31,39.64
2011-11-01,39.15
2011-11-02,39.66
2011-11-03,40.19
2011-11-04,40.07
2011-11-07,40.49
2011-11-08,40.78
2011-11-09,40.07
2011-11-10,40.45
2011-11-11,40.76
2011-11-14,40.40
2011-11-15,40.31
2011-11-16,40.01
2011-11-17,39.93
2011-11-18,40.07
2011-11-21,39.90
2011-11-22,39.54
2011-11-23,39.15
2011-11-25,39.40
2011-11-28,39.63
2011-11-29,40.13
2011-11-30,40.73
2011-12-01,40.87
2011-12-02,40.59
2011-12-05,41.08
2011-12-06,41.48
2011-12-07,41.17
2011-12-08,40.82
2011-12-09,41.34
2011-12-12,41.01
2011-12-13,41.11
2011-12-14,40.95
2011-12-15,41.48
2011-12-16,41.33
2011-12-19,41.34
2011-12-20,42.13
2011-12-21,42.54
2011-12-22,42.44
2011-12-23,42.58
2011-12-27,43.17
2011-12-28,43.00
2011-12-29,43.22
2011-12-30,42.94
2012-01-03,41.77
2012-01-04,41.74
2012-01-05,41.69
2012-01-06,41.26
2012-01-09,41.70
2012-01-10,41.55
2012-01-11,41.80
2012-01-12,41.85
2012-01-13,41.99
2012-01-17,41.92
2012-01-18,42.16
2012-01-19,41.73
2012-01-20,42.02
2012-01-23,42.09
2012-01-24,41.65
2012-01-25,41.86
2012-01-26,42.04
2012-01-27,41.76
2012-01-30,41.78
2012-01-31,42.26
2012-02-01,42.10
2012-02-02,41.51
2012-02-03,41.53
2012-02-06,41.43
2012-02-07,41.71
2012-02-08,41.82
2012-02-09,41.88
2012-02-10,41.82
2012-02-13,41.64
2012-02-14,41.75
2012-02-15,41.43
2012-02-16,41.64
2012-02-17,41.60
2012-02-21,41.30
2012-02-22,41.42
2012-02-23,41.47
2012-02-24,41.75
2012-02-27,41.65
2012-02-28,41.57
2012-02-29,41.42
2012-03-01,41.59
2012-03-02,41.50
2012-03-05,41.43
2012-03-06,41.86
2012-03-07,41.84
2012-03-08,41.97
2012-03-09,42.29
2012-03-12,42.55
2012-03-13,42.57
2012-03-14,42.04
2012-03-15,42.06
2012-03-16,41.57
2012-03-19,41.27
2012-03-20,41.27
2012-03-21,41.21
2012-03-22,41.31
2012-03-23,41.36
2012-03-26,41.72
2012-03-27,41.96
2012-03-28,41.84
2012-03-29,42.03
2012-03-30,42.12
2012-04-02,42.24
2012-04-03,42.41
2012-04-04,42.33
2012-04-05,42.16
2012-04-09,41.92
2012-04-10,41.58
2012-04-11,41.72
2012-04-12,41.96
2012-04-13,41.94
2012-04-16,42.35
2012-04-17,42.55
2012-04-18,42.70
2012-04-19,42.65
2012-04-20,42.96
2012-04-23,42.73
2012-04-24,43.00
2012-04-25,42.63
2012-04-26,43.02
2012-04-27,43.11
2012-04-30,43.07
2012-05-01,43.25
2012-05-02,43.03
2012-05-03,42.82
2012-05-04,42.98
2012-05-07,43.06
2012-05-08,43.30
2012-05-09,42.99
2012-05-10,43.25
2012-05-11,43.15
2012-05-14,43.07
2012-05-15,43.02
2012-05-16,43.00
2012-05-17,42.83
2012-05-18,43.09
2012-05-21,43.12
2012-05-22,43.16
2012-05-23,42.99
2012-05-24,43.21
2012-05-25,43.29
2012-05-29,43.46
2012-05-30,43.44
2012-05-31,43.50
2012-06-01,43.54
2012-06-04,43.64
2012-06-05,43.70
2012-06-06,44.56
2012-06-07,44.82
2012-06-08,44.89
2012-06-11,44.85
2012-06-12,44.83
2012-06-13,44.96
2012-06-14,45.12
2012-06-15,45.48
2012-06-18,45.76
2012-06-19,45.20
2012-06-20,44.31
2012-06-21,44.02
2012-06-22,44.11
2012-06-25,43.82
2012-06-26,43.91
2012-06-27,44.16
2012-06-28,44.21
2012-06-29,43.87
2012-07-02,44.26
2012-07-03,44.05
2012-07-05,44.01
2012-07-06,44.10
2012-07-09,44.37
2012-07-10,44.48
2012-07-11,44.71
2012-07-12,44.72
2012-07-13,45.11
2012-07-16,45.08
2012-07-17,45.20
2012-07-18,45.30
2012-07-19,45.20
2012-07-20,45.26
2012-07-23,45.13
2012-07-24,44.64
2012-07-25,44.91
2012-07-26,45.56
2012-07-27,45.88
2012-07-30,45.79
2012-07-31,45.62
2012-08-01,45.38
2012-08-02,45.08
2012-08-03,45.33
2012-08-06,45.37
2012-08-07,45.13
2012-08-08,44.93
2012-08-09,44.81
2012-08-10,44.92
2012-08-13,44.78
2012-08-14,44.61
2012-08-15,44.41
2012-08-16,44.10
2012-08-17,44.11
2012-08-20,44.01
2012-08-21,43.86
2012-08-22,44.12
2012-08-23,43.64
2012-08-24,43.92
2012-08-27,44.07
2012-08-28,43.82
2012-08-29,43.58
2012-08-30,43.44
2012-08-31,43.40
2012-09-04,43.53
2012-09-05,43.43
2012-09-06,44.10
2012-09-07,43.95
2012-09-10,43.74
2012-09-11,43.48
2012-09-12,43.39
2012-09-13,43.96
2012-09-14,43.13
2012-09-17,43.01
2012-09-18,43.04
2012-09-19,43.24
2012-09-20,43.31
2012-09-21,43.33
2012-09-24,43.86
2012-09-25,43.79
2012-09-26,44.14
2012-09-27,43.96
2012-09-28,44.12
2012-10-01,43.72
2012-10-02,43.63
2012-10-03,43.89
2012-10-04,44.01
2012-10-05,44.01
2012-10-08,44.10
2012-10-09,43.99
2012-10-10,44.00
2012-10-11,43.77
2012-10-12,43.66
2012-10-15,43.70
2012-10-16,43.93
2012-10-17,44.55
2012-10-18,44.80
2012-10-19,44.65
2012-10-22,44.56
2012-10-23,44.23
2012-10-24,44.08
2012-10-25,44.26
2012-10-26,44.35
2012-10-31,44.84
2012-11-01,44.52
2012-11-02,44.28
2012-11-05,43.17
2012-11-06,42.70
2012-11-07,41.41
2012-11-08,41.85
2012-11-09,41.63
2012-11-12,41.19
2012-11-13,41.55
2012-11-14,41.48
2012-11-15,41.16
2012-11-16,41.30
2012-11-19,41.38
2012-11-20,41.05
2012-11-21,40.90
2012-11-23,40.66
2012-11-26,41.24
2012-11-27,41.40
2012-11-28,41.37
2012-11-29,41.88
2012-11-30,42.13
2012-12-03,41.76
2012-12-04,41.50
2012-12-05,42.05
2012-12-06,42.31
2012-12-07,42.31
2012-12-10,42.26
2012-12-11,42.18
2012-12-12,41.97
2012-12-13,41.75
2012-12-14,41.55
2012-12-17,42.32
2012-12-18,42.45
2012-12-19,41.91
2012-12-20,42.09
2012-12-21,41.91
2012-12-24,41.71
2012-12-26,41.43
2012-12-27,41.29
2012-12-28,40.95
2012-12-31,41.42
2013-01-02,42.36
2013-01-03,42.35
2013-01-04,42.72
2013-01-07,41.98
2013-01-08,41.86
2013-01-09,41.66
2013-01-10,41.81
2013-01-11,41.76
2013-01-14,41.65
2013-01-15,41.59
2013-01-16,41.51
2013-01-17,41.60
2013-01-18,42.07
2013-01-22,42.42
2013-01-23,42.44
2013-01-24,42.77
2013-01-25,43.00
2013-01-28,42.91
2013-01-29,43.17
2013-01-30,43.08
2013-01-31,43.27
2013-02-01,43.05
2013-02-04,42.86
2013-02-05,42.68
2013-02-06,42.88
2013-02-07,42.88
2013-02-08,42.89
2013-02-11,43.10
2013-02-12,43.20
2013-02-13,43.21
2013-02-14,42.95
2013-02-15,43.15
2013-02-19,43.51
2013-02-20,43.58
2013-02-21,43.46
2013-02-22,43.77
2013-02-25,43.57
2013-02-26,43.74
2013-02-27,44.09
2013-02-28,44.03
2013-03-01,43.85
2013-03-04,44.05
2013-03-05,44.37
2013-03-06,44.49
2013-03-07,44.40
2013-03-08,44.33
2013-03-11,44.32
2013-03-12,44.22
2013-03-13,44.30
2013-03-14,44.38
2013-03-15,44.53
2013-03-18,44.32
2013-03-19,44.48
2013-03-20,44.79
2013-03-21,44.44
2013-03-22,44.67
2013-03-25,44.64
2013-03-26,45.13
2013-03-27,45.35
2013-03-28,45.90
2013-04-01,45.72
2013-04-02,45.80
2013-04-03,45.67
2013-04-04,46.20
2013-04-05,46.16
2013-04-08,46.46
2013-04-09,46.28
2013-04-10,46.42
2013-04-11,46.58
2013-04-12,46.84
2013-04-15,46.33
2013-04-16,47.08
2013-04-17,46.92
2013-04-18,46.83
2013-04-19,47.45
2013-04-22,47.41
2013-04-23,47.59
2013-04-24,46.98
2013-04-25,47.04
2013-04-26,46.91
2013-04-29,47.09
2013-04-30,47.18
2013-05-01,46.80
2013-05-02,46.70
2013-05-03,46.73
2013-05-06,46.23
2013-05-07,46.74
2013-05-08,46.40
2013-05-09,45.70
2013-05-10,45.58
2013-05-13,45.32
2013-05-14,45.74
2013-05-15,46.13
2013-05-16,45.78
2013-05-17,46.07
2013-05-20,45.88
2013-05-21,45.91
2013-05-22,45.24
2013-05-23,45.01
2013-05-24,44.69
2013-05-28,44.38
2013-05-29,43.76
2013-05-30,43.63
2013-05-31,43.40
2013-06-03,43.59
2013-06-04,43.45
2013-06-05,43.20
2013-06-06,43.93
2013-06-07,43.94
2013-06-10,43.90
2013-06-11,43.76
2013-06-12,43.42
2013-06-13,44.15
2013-06-14,43.99
2013-06-17,44.02
2013-06-18,44.24
2013-06-19,43.08
2013-06-20,42.00
2013-06-21,42.61
2013-06-24,42.45
2013-06-25,43.07
2013-06-26,43.53
2013-06-27,43.50
2013-06-28,43.63
2013-07-01,43.31
2013-07-02,43.12
2013-07-03,42.91
2013-07-05,42.65
2013-07-08,43.35
2013-07-09,43.62
2013-07-10,43.73
2013-07-11,44.45
2013-07-12,44.48
2013-07-15,45.03
2013-07-16,44.74
2013-07-17,44.75
2013-07-18,45.10
2013-07-19,45.04
2013-07-22,45.00
2013-07-23,45.10
2013-07-24,44.53
2013-07-25,44.63
2013-07-26,44.83
2013-07-29,44.89
2013-07-30,44.91
2013-07-31,44.33
2013-08-01,44.35
2013-08-02,44.34
2013-08-05,44.07
2013-08-06,43.77
2013-08-07,44.14
2013-08-08,44.04
2013-08-09,43.87
2013-08-12,43.56
2013-08-13,43.78
2013-08-14,43.61
2013-08-15,42.90
2013-08-16,42.39
2013-08-19,42.05
2013-08-20,42.25
